websites,emails,page
https://www.audiovision.lu/,info@aesthetixtechnologies.com,http://aesthetixtechnologies.com/
http://visuconcept.lu/,info@aesthetixtechnologies.com,http://aesthetixtechnologies.com/
https://onediversified.com/EMEA/,,http://controllayer.co.uk/
https://www.yorktel.com/,,http://controllayer.co.uk/
https://www.systemvideo.com/,,http://controllayer.co.uk/
https://transactts.co.uk/LOCATIONS/,,http://controllayer.co.uk/
https://mckeon.ie/,,http://controllayer.co.uk/
https://imagesupplysystemsav.com/,,http://controllayer.co.uk/
http://techcom.ie/,,http://controllayer.co.uk/
https://www.sonics.ie/,,http://controllayer.co.uk/
https://www.scopetechnology.com/,,http://controllayer.co.uk/
https://www.twistedpair.co.uk/,,http://controllayer.co.uk/
https://imagesupplysystemsav.com/,,http://controllayer.co.uk/
http://techcom.ie/,,http://controllayer.co.uk/
https://www.sonics.ie/,,http://controllayer.co.uk/
https://www.scopetechnology.com/,,http://controllayer.co.uk/
https://www.twistedpair.co.uk/,,http://domation.be/
https://hrav.io/,,http://domation.be/
http://www.meritec.ie/,,http://domation.be/
https://hrav.io/,,http://domation.be/
http://www.meritec.ie/,sales@ideaworks.mc,http://ideaworks.mc/
https://blackarrow.com.qa/,contacts@incodes.dk,http://incodes.dk/
https://www.qsoft-corp.com/,contacts@incodes.dk,http://incodes.dk/
https://www.mannaihome.com/,contacts@incodes.dk,http://incodes.dk/
http://www.panoutron.com/,contacts@incodes.dk,http://incodes.dk/
https://www.salamtechnology.com/,contacts@incodes.dk,http://incodes.dk/
http://www.groupimar.com/,contacts@incodes.dk,http://incodes.dk/
https://www.technoq.com/,contacts@incodes.dk,http://incodes.dk/
https://www.mekdamholding.com/EN/SUBSIDIARIES/MEKDAM-TECH,contacts@incodes.dk,http://incodes.dk/
https://www.avtech.com.qa/CONTACT/,contacts@incodes.dk,http://incodes.dk/
https://www.darwishholding.com/,contacts@incodes.dk,http://incodes.dk/
http://www.groupimar.com/,contacts@incodes.dk,http://incodes.dk/
https://www.technoq.com/,,http://iron-cog.co.uk/
https://www.mekdamholding.com/EN/SUBSIDIARIES/MEKDAM-TECH,,http://iron-cog.co.uk/
https://www.avtech.com.qa/CONTACT/,,http://iron-cog.co.uk/
https://www.darwishholding.com/,,http://iron-cog.co.uk/
https://mediasys.ch/,,http://iron-cog.co.uk/
https://www.technicongres.ch/,,http://iron-cog.co.uk/
https://www.atea.no/,,http://iron-cog.co.uk/
https://www.caverion.com/,,http://iron-cog.co.uk/
https://pdata.no/,,http://iron-cog.co.uk/
https://brightgroup.azurewebsites.net/,,http://iron-cog.co.uk/
http://www.bravosteps.no/,,http://iron-cog.co.uk/
https://intility.no/,,http://iron-cog.co.uk/
https://www.avdesign.no/,,http://iron-cog.co.uk/
https://fotophono.no/,,http://iron-cog.co.uk/
https://adio.no/,,http://iron-cog.co.uk/
https://intility.no/,,http://iron-cog.co.uk/
https://www.avdesign.no/,,http://iron-cog.co.uk/
https://fotophono.no/,,http://iron-cog.co.uk/
https://adio.no/,,http://iron-cog.co.uk/
https://www.smartysupply.com/AR/COMPANY-DETAIL/SIGNAL-PERFECTION-LTD-DUBAI-BRANCH,,http://iron-cog.co.uk/
http://www.granteq.com/,"daniel@jadeva.se,info@jadeva.se,magnus@jadeva.se,mikael@jadeva.se,niklas@jadeva.se",http://jadeva.se/
http://www.avientek.com/,"daniel@jadeva.se,info@jadeva.se,magnus@jadeva.se,mikael@jadeva.se,niklas@jadeva.se",http://jadeva.se/
https://www.crestron.com/How-To-Buy/find-a-dealer-or-partner/Elite-Platinum-Commercial-Dealers/NA,"daniel@jadeva.se,info@jadeva.se,magnus@jadeva.se,mikael@jadeva.se,niklas@jadeva.se",http://jadeva.se/
http://www.actis.in.co/,"daniel@jadeva.se,info@jadeva.se,magnus@jadeva.se,mikael@jadeva.se,niklas@jadeva.se",http://jadeva.se/
http://www.avidindia.in/,"daniel@jadeva.se,info@jadeva.se,magnus@jadeva.se,mikael@jadeva.se,niklas@jadeva.se",http://jadeva.se/
http://www.ips-ae.com/,myynti@kuulto.com,http://kuulto.com/
https://www.itelligent-tech.com/,myynti@kuulto.com,http://kuulto.com/
https://it-serve.com/,services@leadingit.me,http://leadingit.me/
https://omnix.com/,services@leadingit.me,http://leadingit.me/
http://www.avidindia.in/,services@leadingit.me,http://leadingit.me/
http://www.ips-ae.com/,services@leadingit.me,http://leadingit.me/
https://www.itelligent-tech.com/,,http://nordiccontrolsystems.com/
https://it-serve.com/,,http://nordiccontrolsystems.com/
https://omnix.com/,,http://nordiccontrolsystems.com/
https://www.alfuttaim.com/,,http://nordiccontrolsystems.com/
http://www.vvsons.com/,,http://nordiccontrolsystems.com/
https://www.thomsunmusic.com/,,http://nordiccontrolsystems.com/
http://aesthetixtechnologies.com/,,http://nordiccontrolsystems.com/
http://www.venturaglobal.co/,,http://nordiccontrolsystems.com/
https://www.alfuttaim.com/,,http://nordiccontrolsystems.com/
http://www.vvsons.com/,,http://nordiccontrolsystems.com/
https://www.thomsunmusic.com/,,http://nordiccontrolsystems.com/
http://aesthetixtechnologies.com/,,http://nordiccontrolsystems.com/
http://www.venturaglobal.co/,,http://otomis.fr/
http://www.kodeks.ae/,,http://otomis.fr/
https://www.alpha.ae/,info@philipmarksav.co.,http://philipmarksav.co.uk/
http://www.kodeks.ae/,info@philipmarksav.co.,http://philipmarksav.co.uk/
https://www.alpha.ae/,info@philipmarksav.co.,http://philipmarksav.co.uk/
https://www.crestron.com/How-To-Buy/find-a-dealer-or-partner/Elite-Platinum-Commercial-Dealers/ESCO.COM.SG,info@philipmarksav.co.,http://philipmarksav.co.uk/
http://www.autoeng.hk/,info@philipmarksav.co.,http://philipmarksav.co.uk/
https://www.dviasia.com/,info@philipmarksav.co.,http://philipmarksav.co.uk/
http://www.avispl.com/,info@philipmarksav.co.,http://philipmarksav.co.uk/
http://www.avispl.com/,info@philipmarksav.co.,http://philipmarksav.co.uk/
http://www.i-control.com.hk/,info@philipmarksav.co.,http://philipmarksav.co.uk/
http://www.esco.com.sg/,info@philipmarksav.co.,http://philipmarksav.co.uk/
https://www.dviasia.com/,info@philipmarksav.co.,http://philipmarksav.co.uk/
http://www.shgbit.com/HOME.HTM,info@philipmarksav.co.,http://philipmarksav.co.uk/
http://www.i-control.com.hk/,info@philipmarksav.co.,http://philipmarksav.co.uk/
http://www.esco.com.sg/,info@philipmarksav.co.,http://philipmarksav.co.uk/
https://www.dviasia.com/,info@philipmarksav.co.,http://philipmarksav.co.uk/
http://www.shgbit.com/HOME.HTM,info@philipmarksav.co.,http://philipmarksav.co.uk/
https://www.principleone.com/,info@philipmarksav.co.,http://philipmarksav.co.uk/
http://www.arcom.com.hk/,info@philipmarksav.co.,http://philipmarksav.co.uk/
https://www.principleone.com/,info@techcom.ie,http://techcom.ie/
http://www.arcom.com.hk/,info@techcom.ie,http://techcom.ie/
http://www.avit.hk/,,http://technidream.fr/
http://www.prounited.com.hk/,,http://technidream.fr/
http://www.avit.hk/,,http://technidream.fr/
http://www.prounited.com.hk/,,http://technidream.fr/
https://onediversified.com/,,http://technidream.fr/
https://www.avex-int.com/NL/NL/,,http://technidream.fr/
https://www.bis.nl/NL/,,http://technidream.fr/
https://www.audiovisuelesmaakmakers.nl/,,http://technidream.fr/
https://www.ricoh.nl/,,http://technidream.fr/
https://sinus-av.nl/,,http://technidream.fr/
https://www.jacot.nl/NL/,,http://technidream.fr/
https://www.heuvelman.nl/,,http://technidream.fr/
https://www.nfgd.nl/,,http://technidream.fr/
https://www.ricoh.nl/,,http://technidream.fr/
https://sinus-av.nl/,,http://technidream.fr/
https://www.jacot.nl/NL/,,http://technidream.fr/
https://www.heuvelman.nl/,,http://visuconcept.lu/
https://www.nfgd.nl/,,http://www.absons.ae/
https://pik.de/,info@adv-technologies.com,http://www.adv-technologies.com/
https://www.provideo.eu/HOME/,,http://www.allianceproject.fr/
https://www.axians.be/EN/,,http://www.allianceproject.fr/
https://www.econocom.com/,,http://www.apple-3.nl/
https://www.kinly.com/NL,,http://www.apple-3.nl/
https://www.playbiz.be/,,http://www.apple-3.nl/
https://video-center.business.site/,,http://www.apple-3.nl/
https://www.bis.nl/NL/,,http://www.apple-3.nl/
https://www.solufak.be/,,http://www.apple-3.nl/
https://www.ricoh-europe.com/,,http://www.apple-3.nl/
https://www.ricoh.be/,,http://www.apple-3.nl/
http://www.dekom.com/,,http://www.apple-3.nl/
https://www.bis.nl/NL/,,http://www.apple-3.nl/
https://www.solufak.be/,,http://www.apple-3.nl/
https://www.ricoh-europe.com/,,http://www.apple-3.nl/
https://www.ricoh.be/,,http://www.apple-3.nl/
http://www.dekom.com/,,http://www.apple-3.nl/
http://www.dekom.com/,,http://www.apple-3.nl/
https://upfront.be/FR/,,http://www.apple-3.nl/
https://whitemilk.be/,,http://www.apple-3.nl/
https://www.ricoh.nl/,,http://www.apple-3.nl/
https://www.geronika.be/EN/,,http://www.apple-3.nl/
http://www.dekom.com/,,http://www.apple-3.nl/
https://upfront.be/FR/,,http://www.apple-3.nl/
https://whitemilk.be/,,http://www.asciiworks.com/
https://www.ricoh.nl/,,http://www.asciiworks.com/
https://www.geronika.be/EN/,,http://www.asciiworks.com/
https://dialog.be/,,http://www.asciiworks.com/
https://www.proximus.com/NL/OUR-COMPANY/CONTACT/OFFICES_NETCENTER_EVERE.HTML,,http://www.asciiworks.com/
https://www.engie-fabricom.com/EN/,,http://www.asciiworks.com/
https://auvicom.be/EN/HOMEPAGE/,,http://www.asciiworks.com/
https://www.acs-cabling.com/,,http://www.asciiworks.com/
https://dialog.be/,,http://www.asciiworks.com/
https://www.proximus.com/NL/OUR-COMPANY/CONTACT/OFFICES_NETCENTER_EVERE.HTML,,http://www.asciiworks.com/
https://www.engie-fabricom.com/EN/,,http://www.asciiworks.com/
https://auvicom.be/EN/HOMEPAGE/,,http://www.asciiworks.com/
https://www.acs-cabling.com/,,http://www.asciiworks.com/
http://www.g2j.fr/,,http://www.asciiworks.com/
https://www.axians.fr/,,http://www.asciiworks.com/
https://www.videlio.com/METIERS/VIDELIO-MEDIA/VIDELIO-MEDIA-PARIS/,info@autoeng.hk,http://www.autoeng.hk/
https://www.videlio.com/EN/METIERS/VIDELIO-IEC/,,http://www.autonomycontrols.com/
https://www.exaprobe.com/EN/,,http://www.autonomycontrols.com/
https://www.dekom.com/FR-FR/,,http://www.autonomycontrols.com/
https://www.videoline.fr/,,http://www.autonomycontrols.com/
https://www.eiffageenergiesystemes.com/HOME,,http://www.autonomycontrols.com/
https://www.cinos.net/,,http://www.autonomycontrols.com/
https://www.ricoh.fr/,,http://www.autonomycontrols.com/
https://www.dekom.com/FR-FR/,,http://www.autonomycontrols.com/
https://www.videoline.fr/,,http://www.autonomycontrols.com/
https://www.eiffageenergiesystemes.com/HOME,,http://www.autonomycontrols.com/
https://www.cinos.net/,,http://www.autonomycontrols.com/
https://www.ricoh.fr/,,http://www.autonomycontrols.com/
https://moodmedia.fr/,,http://www.autonomycontrols.com/
http://www.allianceproject.fr/,,http://www.autonomycontrols.com/
http://www.fvs.fr/,,http://www.autonomycontrols.com/
https://moodmedia.fr/,,http://www.autonomycontrols.com/
http://www.allianceproject.fr/,,http://www.autonomycontrols.com/
http://www.fvs.fr/,,http://www.autonomycontrols.com/
http://khaldia-hallstage.simplesite.com/,,http://www.autonomycontrols.com/
http://www.actis.co.in/,,http://www.autonomycontrols.com/
http://www.actis.co.in/,info@avcontrol.se,http://www.avcontrol.se/
https://www.ceeco.in/,sales@iavindia.com,http://www.avidindia.in/
http://www.wireworksindia.com/,sales@iavindia.com,http://www.avidindia.in/
http://www.sightandsoundindia.com/,,http://www.avit.hk/
http://www.sightandsoundindia.com/,,http://www.avit.hk/
https://www.icad.com/,info@avriviera.com,http://www.avriviera.com/
https://al-matbouli-sound.business.site/,info@avriviera.com,http://www.avriviera.com/
https://www.sctechn.com/,,http://www.codekings.nl/
http://www.spsc.com.sa/,,http://www.codekings.nl/
http://www.esepro.co/,,http://www.codekings.nl/
https://clearvc.shop/,,http://www.codekings.nl/
http://www.rocheav.co.uk/,,http://www.codekings.nl/
https://www.pureav.co.uk/,,http://www.codekings.nl/
https://www.crestron.com/How-To-Buy/find-a-dealer-or-partner/Elite-Platinum-Commercial-Dealers/MCR-AV.COM,,http://www.codekings.nl/
https://www.videonations.co.uk/,,http://www.codekings.nl/
https://idns.co.uk/INTRO/,,http://www.codekings.nl/
https://www.viewpoint-av.com/,,http://www.codekings.nl/
https://involve.vc/,,http://www.codekings.nl/
https://www.universal-av.ltd/,,http://www.codekings.nl/
https://tvt-av.co.uk/,,http://www.codekings.nl/
https://idns.co.uk/INTRO/,,http://www.codekings.nl/
https://www.viewpoint-av.com/,,http://www.codekings.nl/
https://involve.vc/,,http://www.codekings.nl/
https://www.universal-av.ltd/,,http://www.codekings.nl/
https://tvt-av.co.uk/,,http://www.codekings.nl/
https://tdc-av.com/,,http://www.codekings.nl/
https://tdc-av.com/,,http://www.codekings.nl/
https://www.ricoh.it/,,http://www.codekings.nl/
http://www.mcamedia.com/,,http://www.comfortandcontrol.nl/
https://www.durante.it/,,http://www.comfortandcontrol.nl/
http://www.techlit.it/,info@domosystems.it,http://www.domosystems.it/
https://www.telesystems-pro.it/IT/,,http://www.domoticsystems.be/
http://www.techlit.it/,,http://www.domoticsystems.be/
https://www.telesystems-pro.it/IT/,,http://www.domowork.com/
https://www.eosits.com/,,http://www.domowork.com/
https://isdmsolutions.com/,,http://www.domowork.com/
https://www.niavac.com/,,http://www.domowork.com/
https://mediasys.ch/,,http://www.domowork.com/
https://www.ricoh.ch/,,http://www.domowork.com/
https://www.mediasens.li/,,http://www.domowork.com/
https://www.visutec.eu/,,http://www.domowork.com/
http://www.absons.ae/,,http://www.domowork.com/
http://www.adv-technologies.com/,,http://www.domowork.com/
https://oxin.ae/,info@dsgroup.net,http://www.dsgroup.net/
http://www.rts.ae/,,http://www.esepro.co/
https://www.alpha.ae/,info@groupimar.com,http://www.groupimar.com/
https://atlasgroup.ae/ATLAS-SECURITY/,info@groupimar.com,http://www.groupimar.com/
https://atlasgroup.ae/ATLAS-SECURITY/,"info@i-control.com,info@i-CONTROL.com",http://www.i-control.com.hk/
https://www.playbiz.be/,"info@i-control.com,info@i-CONTROL.com",http://www.i-control.com.hk/
https://www.econocom.com/,,http://www.kodeks.ae/
https://www.axians.be/EN/,,http://www.kodeks.ae/
https://whitemilk.be/,"support@lucidpartnership.co.,client@lucidprogramming.co.,sales@lucidpartnership.co.",http://www.lucidprogramming.co.uk/
https://www.solufak.be/,"support@lucidpartnership.co.,client@lucidprogramming.co.,sales@lucidpartnership.co.",http://www.lucidprogramming.co.uk/
https://www.ricoh.be/,"support@lucidpartnership.co.,client@lucidprogramming.co.,sales@lucidpartnership.co.",http://www.lucidprogramming.co.uk/
http://www.dekom.com/,"support@lucidpartnership.co.,client@lucidprogramming.co.,sales@lucidpartnership.co.",http://www.lucidprogramming.co.uk/
https://www.manganelli.com/,"support@lucidpartnership.co.,client@lucidprogramming.co.,sales@lucidpartnership.co.",http://www.lucidprogramming.co.uk/
https://www.ricoh-europe.com/,"support@lucidpartnership.co.,client@lucidprogramming.co.,sales@lucidpartnership.co.",http://www.lucidprogramming.co.uk/
https://upfront.be/FR/,"support@lucidpartnership.co.,client@lucidprogramming.co.,sales@lucidpartnership.co.",http://www.lucidprogramming.co.uk/
https://www.ricoh.be/,"support@lucidpartnership.co.,client@lucidprogramming.co.,sales@lucidpartnership.co.",http://www.lucidprogramming.co.uk/
http://www.dekom.com/,"support@lucidpartnership.co.,client@lucidprogramming.co.,sales@lucidpartnership.co.",http://www.lucidprogramming.co.uk/
https://www.manganelli.com/,"support@lucidpartnership.co.,client@lucidprogramming.co.,sales@lucidpartnership.co.",http://www.lucidprogramming.co.uk/
https://www.ricoh-europe.com/,"support@lucidpartnership.co.,client@lucidprogramming.co.,sales@lucidpartnership.co.",http://www.lucidprogramming.co.uk/
https://upfront.be/FR/,contact@mediaprocess.eu,http://www.mediaprocess.fr/
https://www.engie-fabricom.com/EN/,contact@mediaprocess.eu,http://www.mediaprocess.fr/
https://www.proximus.com/NL/OUR-COMPANY/CONTACT/OFFICES_NETCENTER_EVERE.HTML,contact@mediaprocess.eu,http://www.mediaprocess.fr/
https://auvicom.be/EN/HOMEPAGE/,contact@mediaprocess.eu,http://www.mediaprocess.fr/
https://dialog.be/,contact@mediaprocess.eu,http://www.mediaprocess.fr/
https://www.acs-cabling.com/,contact@mediaprocess.eu,http://www.mediaprocess.fr/
https://www.engie-fabricom.com/EN/,contact@mediaprocess.eu,http://www.mediaprocess.fr/
https://www.proximus.com/NL/OUR-COMPANY/CONTACT/OFFICES_NETCENTER_EVERE.HTML,contact@mediaprocess.eu,http://www.mediaprocess.fr/
https://auvicom.be/EN/HOMEPAGE/,contact@mediaprocess.eu,http://www.mediaprocess.fr/
https://dialog.be/,contact@mediaprocess.eu,http://www.mediaprocess.fr/
https://www.acs-cabling.com/,contact@mediaprocess.eu,http://www.mediaprocess.fr/
https://www.wipple.fr/,contact@mediaprocess.eu,http://www.mediaprocess.fr/
https://www.geronika.be/EN/,contact@mediaprocess.eu,http://www.mediaprocess.fr/
https://www.wipple.fr/,contact@mediaprocess.eu,http://www.mediaprocess.fr/
https://www.geronika.be/EN/,info@meritec.ie,http://www.meritec.ie/
http://www.a-knowledge.eu/,info@meritec.ie,http://www.meritec.ie/
http://technidream.fr/,info@mssfrance.com,http://www.mssfrance.com/
http://www.cq-lin.com/,info@mssfrance.com,http://www.mssfrance.com/
http://www.coussies.be/,,http://www.nextlevelcontrol.com/
http://www.codekings.nl/,,http://www.nextlevelcontrol.com/
https://www.cn-consult.eu/,,http://www.nextlevelcontrol.com/
https://www.thiemann.nl/,,http://www.nextlevelcontrol.com/
http://www.edukker.nl/,,http://www.nextlevelcontrol.com/
http://www.apple-3.nl/,,http://www.nextlevelcontrol.com/
http://www.codekings.nl/,,http://www.nextlevelcontrol.com/
https://www.cn-consult.eu/,,http://www.nextlevelcontrol.com/
https://www.thiemann.nl/,info@nicheaudiovisual.co.,http://www.nicheaudiovisual.co.uk/
http://www.edukker.nl/,"info@ocsolution.se,info@ocsolution.se.",http://www.ocsolution.se/
http://www.apple-3.nl/,,http://www.ovio.pro/
http://www.pem-media.com/,,http://www.ovio.pro/
http://iron-cog.co.uk/,,http://www.ovio.pro/
http://www.customcodecrafters.com/,,http://www.ovio.pro/
http://www.pem-media.com/,,http://www.ovio.pro/
http://iron-cog.co.uk/,,http://www.ovio.pro/
http://www.customcodecrafters.com/,,http://www.ovio.pro/
http://www.philipmarksav.co.uk/,,http://www.ovio.pro/
http://www.philipmarksav.co.uk/,,http://www.ovio.pro/
http://logicalsolutions-av.co.uk/,,http://www.ovio.pro/
http://www.codejar.co.uk/,,http://www.ovio.pro/
http://logicalsolutions-av.co.uk/,,http://www.ovio.pro/
http://www.codejar.co.uk/,panoutron@panoutron.com,http://www.panoutron.com/
http://gdprogramming.com/,info@rebarsys.com,http://www.rebarsys.com/
http://aptyx.co.uk/,info@rebarsys.com,http://www.rebarsys.com/
http://www.autonomycontrols.com/,info@rebarsys.com,http://www.rebarsys.com/
https://www.oxberry.net/,info@rebarsys.com,http://www.rebarsys.com/
http://www.freelanceav.com/,info@rebarsys.com,http://www.rebarsys.com/
http://gdprogramming.com/,info@rebarsys.com,http://www.rebarsys.com/
http://aptyx.co.uk/,info@rebarsys.com,http://www.rebarsys.com/
http://www.autonomycontrols.com/,info@rebarsys.com,http://www.rebarsys.com/
https://www.oxberry.net/,info@rebarsys.com,http://www.rebarsys.com/
http://www.freelanceav.com/,info@rebarsys.com,http://www.rebarsys.com/
http://www.integratedexperience.com/,info@rebarsys.com,http://www.rebarsys.com/
https://www.cleverrooms.co.uk/CODE,info@rebarsys.com,http://www.rebarsys.com/
http://amtx.co.uk/,info@rebarsys.com,http://www.rebarsys.com/
http://www.integratedexperience.com/,info@rebarsys.com,http://www.rebarsys.com/
https://www.cleverrooms.co.uk/CODE,info@rebarsys.com,http://www.rebarsys.com/
http://amtx.co.uk/,info@rebarsys.com,http://www.rebarsys.com/
http://www.oakvilleav.com/,info@rebarsys.com,http://www.rebarsys.com/
https://www.ux-digital.co.uk/,info@rebarsys.com,http://www.rebarsys.com/
https://oregonav.co.uk/,info@rts.ae,http://www.rts.ae/
http://www.oakvilleav.com/,,http://www.simontech.it/
https://www.ux-digital.co.uk/,nfo.sps@aps.com,http://www.spsc.com.sa/
https://oregonav.co.uk/,,http://www.switchon-group.com/en/page-daccueil-english/
http://www.xtremecontrols.co.uk/,,http://www.switchon-group.com/en/page-daccueil-english/
https://elixir-controls.com/,info@venturaglobal.co,http://www.venturaglobal.co/
http://www.avspire.com/,info@venturaglobal.co,http://www.venturaglobal.co/
https://ajwegman.wixsite.com/AJ-SOUND-CONTROLS,accueil@vernassa.fr,http://www.vernassa.fr/
http://www.xtremecontrols.co.uk/,accueil@vernassa.fr,http://www.vernassa.fr/
https://elixir-controls.com/,,http://www.xtremecontrols.co.uk/
http://www.avspire.com/,,http://www.xtremecontrols.co.uk/
https://ajwegman.wixsite.com/AJ-SOUND-CONTROLS,,http://www.xtremecontrols.co.uk/
http://www.domowork.com/,,http://www.xtremecontrols.co.uk/
http://nordiccontrolsystems.com/,,http://www.xtremecontrols.co.uk/
http://controllayer.co.uk/,,http://www.xtremecontrols.co.uk/
http://technoholix.com/,,http://www.xtremecontrols.co.uk/
http://www.domowork.com/,,http://www.xtremecontrols.co.uk/
http://nordiccontrolsystems.com/,,http://www.xtremecontrols.co.uk/
http://controllayer.co.uk/,,http://www.xtremecontrols.co.uk/
http://technoholix.com/,,http://www.xtremecontrols.co.uk/
http://www.nextlevelcontrol.com/,,http://www.xtremecontrols.co.uk/
http://www.lucidprogramming.co.uk/,,http://www.xtremecontrols.co.uk/
http://domotic.fr/,,http://www.xtremecontrols.co.uk/
http://incodes.dk/,,http://www.xtremecontrols.co.uk/
http://www.nextlevelcontrol.com/,,http://www.xtremecontrols.co.uk/
http://www.lucidprogramming.co.uk/,,http://www.xtremecontrols.co.uk/
http://domotic.fr/,,http://www.xtremecontrols.co.uk/
http://incodes.dk/,,http://www.yachtaudio.com/
http://connectprogramming.co.uk/,info@adio.no,https://adio.no/
http://www.asciiworks.com/,info@adio.no,https://adio.no/
https://www.studiointegra.es/,info@aesthetixsystems.com,https://aesthetixsystems.com/
https://elettrosistemi.eu/,,https://ajwegman.wixsite.com/aj-sound-controls
http://connectprogramming.co.uk/,,https://ajwegman.wixsite.com/aj-sound-controls
http://www.asciiworks.com/,,https://ajwegman.wixsite.com/aj-sound-controls
https://www.studiointegra.es/,,https://ajwegman.wixsite.com/aj-sound-controls
https://elettrosistemi.eu/,,https://ajwegman.wixsite.com/aj-sound-controls
http://www.nextlevelcontrol.com/,,https://ajwegman.wixsite.com/aj-sound-controls
http://domotic.fr/,,https://ajwegman.wixsite.com/aj-sound-controls
https://elettrosistemi.eu/,,https://ajwegman.wixsite.com/aj-sound-controls
http://www.ovio.pro/,,https://ajwegman.wixsite.com/aj-sound-controls
http://www.domowork.com/,,https://ajwegman.wixsite.com/aj-sound-controls
https://www.softesolution.com/,,https://ajwegman.wixsite.com/aj-sound-controls
http://www.domotura.com/,,https://ajwegman.wixsite.com/aj-sound-controls
http://technidream.fr/,,https://ajwegman.wixsite.com/aj-sound-controls
http://www.pem-media.com/,,https://ajwegman.wixsite.com/aj-sound-controls
https://www.softesolution.com/,,https://ajwegman.wixsite.com/aj-sound-controls
http://www.domotura.com/,,https://ajwegman.wixsite.com/aj-sound-controls
http://technidream.fr/,,https://al-matbouli-sound.business.site/
http://www.pem-media.com/,,https://almazrouicas.com/
http://www.mediaprocess.fr/,,https://almazrouicas.com/
http://www.mediaprocess.fr/,,https://amtx.co.uk/
http://controllayer.co.uk/,,https://amtx.co.uk/
http://www.lucidprogramming.co.uk/,,https://amtx.co.uk/
http://technoholix.com/,,https://amtx.co.uk/
https://www.studiointegra.es/,,https://amtx.co.uk/
http://www.lightingcontrol.co.uk/,,https://amtx.co.uk/
http://www.asciiworks.com/,,https://amtx.co.uk/
http://connectprogramming.co.uk/,,https://amtx.co.uk/
https://www.studiointegra.es/,,https://amtx.co.uk/
http://www.lightingcontrol.co.uk/,,https://amtx.co.uk/
http://www.asciiworks.com/,,https://amtx.co.uk/
http://connectprogramming.co.uk/,,https://amtx.co.uk/
http://www.avspire.com/,,https://amtx.co.uk/
https://ajwegman.wixsite.com/AJ-SOUND-CONTROLS,,https://amtx.co.uk/
http://www.xtremecontrols.co.uk/,,https://amtx.co.uk/
https://oregonav.co.uk/,,https://amtx.co.uk/
https://elixir-controls.com/,,https://amtx.co.uk/
http://www.avspire.com/,,https://amtx.co.uk/
https://ajwegman.wixsite.com/AJ-SOUND-CONTROLS,,https://amtx.co.uk/
http://www.xtremecontrols.co.uk/,,https://amtx.co.uk/
https://oregonav.co.uk/,contact@aptyx.co.,https://aptyx.co.uk/
https://elixir-controls.com/,contact@aptyx.co.,https://aptyx.co.uk/
http://www.oakvilleav.com/,contact@aptyx.co.,https://aptyx.co.uk/
http://www.oakvilleav.com/,contact@aptyx.co.,https://aptyx.co.uk/
http://amtx.co.uk/,contact@aptyx.co.,https://aptyx.co.uk/
http://www.integratedexperience.com/,contact@aptyx.co.,https://aptyx.co.uk/
https://www.cleverrooms.co.uk/CODE,contact@aptyx.co.,https://aptyx.co.uk/
https://www.oxberry.net/,contact@aptyx.co.,https://aptyx.co.uk/
http://amtx.co.uk/,contact@aptyx.co.,https://aptyx.co.uk/
http://www.integratedexperience.com/,contact@aptyx.co.,https://aptyx.co.uk/
https://www.cleverrooms.co.uk/CODE,contact@aptyx.co.,https://aptyx.co.uk/
https://www.oxberry.net/,contact@aptyx.co.,https://aptyx.co.uk/
http://gdprogramming.com/,contact@aptyx.co.,https://aptyx.co.uk/
http://www.freelanceav.com/,contact@aptyx.co.,https://aptyx.co.uk/
http://aptyx.co.uk/,contact@aptyx.co.,https://aptyx.co.uk/
http://www.codejar.co.uk/,contact@aptyx.co.,https://aptyx.co.uk/
http://gdprogramming.com/,contact@aptyx.co.,https://aptyx.co.uk/
http://www.freelanceav.com/,contact@aptyx.co.,https://aptyx.co.uk/
http://aptyx.co.uk/,contact@aptyx.co.,https://aptyx.co.uk/
http://www.codejar.co.uk/,contact@aptyx.co.,https://aptyx.co.uk/
http://www.autonomycontrols.com/,nfo@atlasgroup.ae,https://atlasgroup.ae/ATLAS-SECURITY/
http://www.rebarsys.com/,nfo@atlasgroup.ae,https://atlasgroup.ae/ATLAS-SECURITY/
http://logicalsolutions-av.co.uk/,,https://auvicom.be/en/homepage/
http://www.philipmarksav.co.uk/,,https://auvicom.be/en/homepage/
http://www.autonomycontrols.com/,,https://auvicom.be/en/homepage/
http://www.rebarsys.com/,,https://auvicom.be/en/homepage/
http://logicalsolutions-av.co.uk/,,https://ava.media/
http://www.philipmarksav.co.uk/,info@av-domotica.nl,https://av-domotica.nl/
http://iron-cog.co.uk/,info@av-domotica.nl,https://av-domotica.nl/
http://iron-cog.co.uk/,info@av-domotica.nl,https://av-domotica.nl/
http://www.edukker.nl/,info@av-domotica.nl,https://av-domotica.nl/
http://www.coussies.be/,"contact@shanlab.fr,contact@av-io.fr",https://av-io.fr/
http://www.cq-lin.com/,,https://avispl.com/
http://www.apple-3.nl/,,https://avispl.com/
http://www.codekings.nl/,,https://blackarrow.com.qa/
http://www.edukker.nl/,,https://bravosteps.no/
http://www.coussies.be/,,https://clearvc.shop/
http://www.cq-lin.com/,info@comcrafts.net,https://comcrafts.net/
http://www.apple-3.nl/,info@dialog.be,https://dialog.be/
http://www.codekings.nl/,info@dialog.be,https://dialog.be/
http://www.mediaprocess.fr/,info@dialog.be,https://dialog.be/
http://www.a-knowledge.eu/,info@dialog.be,https://dialog.be/
http://www.mediaprocess.fr/,nfo@domotic.fr,https://domotic.fr/en/home/
http://www.a-knowledge.eu/,nfo@domotic.fr,https://domotic.fr/en/home/
http://leadingit.me/,nfo@domotic.fr,https://domotic.fr/en/home/
http://www.ovio.pro/,nfo@domotic.fr,https://domotic.fr/en/home/
http://technidream.fr/,nfo@domotic.fr,https://domotic.fr/en/home/
http://www.domowork.com/,nfo@domotic.fr,https://domotic.fr/en/home/
http://www.nextlevelcontrol.com/,nfo@domotic.fr,https://domotic.fr/en/home/
http://www.pem-media.com/,nfo@domotic.fr,https://domotic.fr/en/home/
http://domotic.fr/,nfo@domotic.fr,https://domotic.fr/en/home/
http://www.mediaprocess.fr/,nfo@domotic.fr,https://domotic.fr/en/home/
https://elettrosistemi.eu/,nfo@domotic.fr,https://domotic.fr/en/home/
http://www.a-knowledge.eu/,info@domotica.be,https://domotica.be/
http://domotic.fr/,info@domotica.be,https://domotica.be/
http://www.mediaprocess.fr/,info@e-illusion.es,https://e-illusion.es/
https://elettrosistemi.eu/,"info@elektro-lefevre.be,nr@original"",l=Object.pro",https://elektro-lefevre.be/
http://www.a-knowledge.eu/,"info@elektro-lefevre.be,nr@original"",l=Object.pro",https://elektro-lefevre.be/
http://www.cq-lin.com/,,https://elettrosistemi.eu/
https://www.cn-consult.eu/,,https://elettrosistemi.eu/
http://www.coussies.be/,,https://elettrosistemi.eu/
http://www.codekings.nl/,,https://elettrosistemi.eu/
http://www.cq-lin.com/,,https://elettrosistemi.eu/
https://www.cn-consult.eu/,,https://elettrosistemi.eu/
http://www.coussies.be/,,https://elettrosistemi.eu/
http://www.codekings.nl/,,https://elettrosistemi.eu/
https://www.thiemann.nl/,sales@elixir-controls.com,https://elixir-controls.com/
http://www.edukker.nl/,sales@elixir-controls.com,https://elixir-controls.com/
http://www.apple-3.nl/,sales@elixir-controls.com,https://elixir-controls.com/
http://iron-cog.co.uk/,sales@elixir-controls.com,https://elixir-controls.com/
https://www.softesolution.com/,sales@elixir-controls.com,https://elixir-controls.com/
https://www.thiemann.nl/,sales@elixir-controls.com,https://elixir-controls.com/
http://www.edukker.nl/,sales@elixir-controls.com,https://elixir-controls.com/
http://www.apple-3.nl/,sales@elixir-controls.com,https://elixir-controls.com/
http://iron-cog.co.uk/,sales@elixir-controls.com,https://elixir-controls.com/
https://www.softesolution.com/,sales@elixir-controls.com,https://elixir-controls.com/
http://www.customcodecrafters.com/,sales@elixir-controls.com,https://elixir-controls.com/
http://www.customcodecrafters.com/,sales@elixir-controls.com,https://elixir-controls.com/
http://www.autonomycontrols.com/,sales@elixir-controls.com,https://elixir-controls.com/
http://www.freelanceav.com/,sales@elixir-controls.com,https://elixir-controls.com/
http://logicalsolutions-av.co.uk/,sales@elixir-controls.com,https://elixir-controls.com/
http://www.rebarsys.com/,sales@elixir-controls.com,https://elixir-controls.com/
https://www.oxberry.net/,sales@elixir-controls.com,https://elixir-controls.com/
http://www.autonomycontrols.com/,sales@elixir-controls.com,https://elixir-controls.com/
http://www.freelanceav.com/,,https://etbsmits.nl/
http://logicalsolutions-av.co.uk/,,https://etbsmits.nl/
http://www.rebarsys.com/,"post.fpa@fotophono.no,post.fpi@fotophono.no,post@fotophono.no",https://fotophono.no/
https://www.oxberry.net/,"post.fpa@fotophono.no,post.fpi@fotophono.no,post@fotophono.no",https://fotophono.no/
http://aptyx.co.uk/,,https://freelanceav.com/
http://www.codejar.co.uk/,,https://freelanceav.com/
http://gdprogramming.com/,,https://freelanceav.com/
https://www.cleverrooms.co.uk/CODE,,https://freelanceav.com/
http://aptyx.co.uk/,,https://freelanceav.com/
http://www.codejar.co.uk/,,https://freelanceav.com/
http://gdprogramming.com/,,https://freelanceav.com/
https://www.cleverrooms.co.uk/CODE,,https://freelanceav.com/
http://www.integratedexperience.com/,,https://freelanceav.com/
http://www.domotura.com/,,https://freelanceav.com/
http://amtx.co.uk/,,https://freelanceav.com/
http://www.philipmarksav.co.uk/,,https://freelanceav.com/
http://www.integratedexperience.com/,,https://freelanceav.com/
http://www.domotura.com/,,https://freelanceav.com/
http://amtx.co.uk/,,https://freelanceav.com/
http://www.philipmarksav.co.uk/,,https://freelanceav.com/
http://www.oakvilleav.com/,,https://freelanceav.com/
https://www.ux-digital.co.uk/,,https://freelanceav.com/
http://www.oakvilleav.com/,,https://freelanceav.com/
https://www.ux-digital.co.uk/,,https://freelanceav.com/
https://elixir-controls.com/,,https://fusion.one/
http://www.xtremecontrols.co.uk/,,https://granteq.com/
https://oregonav.co.uk/,team@grmediasolutions.com,https://grmediasolutions.com/
https://elixir-controls.com/,,https://harmanhouse.com/
http://www.xtremecontrols.co.uk/,info@hrav.io,https://hrav.io/
https://oregonav.co.uk/,info@hrav.io,https://hrav.io/
http://www.jadeva.se/,"sales@imagesupplysystems.com,avservice@imagesupplysystems.com",https://imagesupplysystemsav.com/
http://www.avcontrol.se/,"sales@imagesupplysystems.com,avservice@imagesupplysystems.com",https://imagesupplysystemsav.com/
http://www.ocsolution.se/,,https://intility.no/
http://www.mediaconnect.se/,,https://intility.no/
http://nordiccontrolsystems.com/,,https://involve.vc/
http://incodes.dk/,,https://involve.vc/
http://kuulto.com/,"ales@ips-ae.com,ech@ips-ae.com,sales@ips-ae.com",https://ips-ae.com/
http://incodes.dk/,"ales@ips-ae.com,ech@ips-ae.com,sales@ips-ae.com",https://ips-ae.com/
http://kuulto.com/,info@isdmsolutions.com,https://isdmsolutions.com/
http://leadingit.me/,info@it-serve.com,https://it-serve.com/
http://www.apple-3.nl/,info@it-serve.com,https://it-serve.com/
https://www.thiemann.nl/,,https://lightingcontrol.co.uk/
http://www.edukker.nl/,,https://lightingcontrol.co.uk/
http://www.codekings.nl/,,https://lightingcontrol.co.uk/
http://www.a-knowledge.eu/,,https://lightingcontrol.co.uk/
http://www.cq-lin.com/,,https://lightingcontrol.co.uk/
http://www.coussies.be/,,https://lightingcontrol.co.uk/
https://www.cn-consult.eu/,,https://lightingcontrol.co.uk/
http://www.customcodecrafters.com/,,https://lightingcontrol.co.uk/
http://www.a-knowledge.eu/,,https://lightingcontrol.co.uk/
http://www.cq-lin.com/,,https://lightingcontrol.co.uk/
http://www.coussies.be/,,https://lightingcontrol.co.uk/
https://www.cn-consult.eu/,info@logicalsolutions-av.co.,https://logicalsolutions-av.co.uk/
http://www.customcodecrafters.com/,info@logicalsolutions-av.co.,https://logicalsolutions-av.co.uk/
http://www.philipmarksav.co.uk/,info@logicalsolutions-av.co.,https://logicalsolutions-av.co.uk/
http://iron-cog.co.uk/,info@logicalsolutions-av.co.,https://logicalsolutions-av.co.uk/
http://www.philipmarksav.co.uk/,info@logicalsolutions-av.co.,https://logicalsolutions-av.co.uk/
http://iron-cog.co.uk/,info@logicalsolutions-av.co.,https://logicalsolutions-av.co.uk/
http://www.rebarsys.com/,info@logicalsolutions-av.co.,https://logicalsolutions-av.co.uk/
http://www.codejar.co.uk/,info@logicalsolutions-av.co.,https://logicalsolutions-av.co.uk/
http://www.rebarsys.com/,info@logicalsolutions-av.co.,https://logicalsolutions-av.co.uk/
http://www.codejar.co.uk/,info@logicalsolutions-av.co.,https://logicalsolutions-av.co.uk/
http://logicalsolutions-av.co.uk/,info@logicalsolutions-av.co.,https://logicalsolutions-av.co.uk/
http://aptyx.co.uk/,info@logicalsolutions-av.co.,https://logicalsolutions-av.co.uk/
http://www.autonomycontrols.com/,info@logicalsolutions-av.co.,https://logicalsolutions-av.co.uk/
http://www.integratedexperience.com/,info@logicalsolutions-av.co.,https://logicalsolutions-av.co.uk/
https://www.oxberry.net/,info@logicalsolutions-av.co.,https://logicalsolutions-av.co.uk/
http://logicalsolutions-av.co.uk/,info@logicalsolutions-av.co.,https://logicalsolutions-av.co.uk/
http://aptyx.co.uk/,info@logicalsolutions-av.co.,https://logicalsolutions-av.co.uk/
http://www.autonomycontrols.com/,info@logicalsolutions-av.co.,https://logicalsolutions-av.co.uk/
http://www.integratedexperience.com/,info@logicalsolutions-av.co.,https://logicalsolutions-av.co.uk/
https://www.oxberry.net/,info@logicalsolutions-av.co.,https://logicalsolutions-av.co.uk/
http://www.freelanceav.com/,info@mckeon.ie,https://mckeon.ie/
https://www.cleverrooms.co.uk/CODE,,https://mediasys.ch/
https://www.ux-digital.co.uk/,,https://mediasys.ch/
http://amtx.co.uk/,,https://monacodomotique.mc/
http://www.freelanceav.com/,,https://moodmedia.com/fr/
https://www.cleverrooms.co.uk/CODE,,https://moodmedia.com/fr/
https://www.ux-digital.co.uk/,info@moresenz.nl,https://moresenz.nl/
http://amtx.co.uk/,info@moresenz.nl,https://moresenz.nl/
https://oregonav.co.uk/,info@odgroup.it,https://odgroup.it/
http://www.oakvilleav.com/,"hello@oktotechnologies.co.,philip.dowds@oktotechnologies.co.,info@oktotechnologies.co.",https://oktotechnologies.co.uk/
https://oregonav.co.uk/,,https://omnix.com/
http://www.oakvilleav.com/,,https://omnix.com/
http://www.xtremecontrols.co.uk/,,https://onediversified.com/
http://www.avspire.com/,,https://onediversified.com/EMEA/
https://elixir-controls.com/,micah@micahrich.com,https://oregonav.co.uk/
http://www.xtremecontrols.co.uk/,micah@micahrich.com,https://oregonav.co.uk/
http://www.avspire.com/,micah@micahrich.com,https://oregonav.co.uk/
https://elixir-controls.com/,micah@micahrich.com,https://oregonav.co.uk/
http://nordiccontrolsystems.com/,micah@micahrich.com,https://oregonav.co.uk/
http://technoholix.com/,micah@micahrich.com,https://oregonav.co.uk/
http://technidream.fr/,micah@micahrich.com,https://oregonav.co.uk/
http://controllayer.co.uk/,micah@micahrich.com,https://oregonav.co.uk/
http://www.lucidprogramming.co.uk/,micah@micahrich.com,https://oregonav.co.uk/
http://nordiccontrolsystems.com/,micah@micahrich.com,https://oregonav.co.uk/
http://technoholix.com/,micah@micahrich.com,https://oregonav.co.uk/
http://technidream.fr/,micah@micahrich.com,https://oregonav.co.uk/
http://controllayer.co.uk/,micah@micahrich.com,https://oregonav.co.uk/
http://www.lucidprogramming.co.uk/,micah@micahrich.com,https://oregonav.co.uk/
https://ajwegman.wixsite.com/AJ-SOUND-CONTROLS,micah@micahrich.com,https://oregonav.co.uk/
http://www.asciiworks.com/,micah@micahrich.com,https://oregonav.co.uk/
https://ajwegman.wixsite.com/AJ-SOUND-CONTROLS,info@oxin.ae,https://oxin.ae/
http://www.asciiworks.com/,post@pdata.no,https://pdata.no/
https://www.studiointegra.es/,hardt@pem-media.com,https://pem-media.com/en/home/
http://www.pem-media.com/,hardt@pem-media.com,https://pem-media.com/en/home/
http://incodes.dk/,hardt@pem-media.com,https://pem-media.com/en/home/
http://www.lightingcontrol.co.uk/,hardt@pem-media.com,https://pem-media.com/en/home/
https://www.studiointegra.es/,hardt@pem-media.com,https://pem-media.com/en/home/
http://www.pem-media.com/,hardt@pem-media.com,https://pem-media.com/en/home/
http://incodes.dk/,hardt@pem-media.com,https://pem-media.com/en/home/
http://www.lightingcontrol.co.uk/,hardt@pem-media.com,https://pem-media.com/en/home/
http://www.mediaconnect.se/,hardt@pem-media.com,https://pem-media.com/en/home/
http://www.ovio.pro/,hardt@pem-media.com,https://pem-media.com/en/home/
http://www.jadeva.se/,hardt@pem-media.com,https://pem-media.com/en/home/
http://www.mediaconnect.se/,hardt@pem-media.com,https://pem-media.com/en/home/
http://www.ovio.pro/,hardt@pem-media.com,https://pem-media.com/en/home/
http://www.jadeva.se/,hardt@pem-media.com,https://pem-media.com/en/home/
http://incodes.dk/,hardt@pem-media.com,https://pem-media.com/en/home/
http://www.pem-media.com/,hardt@pem-media.com,https://pem-media.com/en/home/
http://www.mediaconnect.se/,hardt@pem-media.com,https://pem-media.com/en/home/
https://www.cn-consult.eu/,"info@pik.de,service@pik.de",https://pik.de/
http://nordiccontrolsystems.com/,,https://sightandsoundindia.com/
https://www.thiemann.nl/,,https://sightandsoundindia.com/
http://www.apple-3.nl/,,https://sightandsoundindia.com/
http://technidream.fr/,info@sinus-av.nl,https://sinus-av.nl/
http://www.jadeva.se/,info@sinus-av.nl,https://sinus-av.nl/
http://www.codekings.nl/,support@strombergsandell.no,https://strombergsandell.no/
https://www.thiemann.nl/,"info@taqadom.com,marketing@taqadom.com",https://taqadom.com/
http://www.apple-3.nl/,info@tdc-av.com,https://tdc-av.com/
http://technidream.fr/,info@tdc-av.com,https://tdc-av.com/
http://www.jadeva.se/,,https://technohome.nl/
http://www.codekings.nl/,,https://technohome.nl/
http://www.a-knowledge.eu/,,https://technohome.nl/
http://www.edukker.nl/,,https://technohome.nl/
http://www.cq-lin.com/,contactus@transactts.com,https://transactts.com/LOCATIONS/
http://www.coussies.be/,info@tvt-av.co.,https://tvt-av.co.uk/
http://www.a-knowledge.eu/,info@tvt-av.co.,https://tvt-av.co.uk/
http://www.edukker.nl/,,https://upfront.be/fr/
http://www.cq-lin.com/,,https://upfront.be/fr/
http://www.coussies.be/,,https://upfront.be/fr/
http://www.domowork.com/,,https://upfront.be/fr/
http://www.domowork.com/,info@vanhavere.be,https://vanhavere.be/
http://www.codekings.nl/,info@vanhavere.be,https://vanhavere.be/
http://www.cq-lin.com/,,https://video-center.business.site/
http://www.coussies.be/,"cpd@vvsons.ae,info@amwerk.com",https://vvsons.com/
http://www.edukker.nl/,"cpd@vvsons.ae,info@amwerk.com",https://vvsons.com/
https://www.thiemann.nl/,sales@whitemilk.be,https://whitemilk.be/
http://www.apple-3.nl/,sales@whitemilk.be,https://whitemilk.be/
https://www.cn-consult.eu/,sales@whitemilk.be,https://whitemilk.be/
http://www.customcodecrafters.com/,,https://www.acs-cabling.com/
http://www.edukker.nl/,,https://www.acs-cabling.com/
https://www.thiemann.nl/,,https://www.acs-cabling.com/
http://www.apple-3.nl/,,https://www.acs-cabling.com/
https://www.cn-consult.eu/,"sales@actis.co.,support@actis.co.",https://www.actis.co.in/
http://www.customcodecrafters.com/,"sales@actis.co.,support@actis.co.",https://www.actis.co.in/
http://iron-cog.co.uk/,,https://www.a-knowledge.eu/
http://www.philipmarksav.co.uk/,,https://www.a-knowledge.eu/
http://iron-cog.co.uk/,,https://www.a-knowledge.eu/
http://www.philipmarksav.co.uk/,,https://www.a-knowledge.eu/
http://gdprogramming.com/,,https://www.a-knowledge.eu/
http://www.rebarsys.com/,,https://www.a-knowledge.eu/
http://gdprogramming.com/,,https://www.a-knowledge.eu/
http://www.rebarsys.com/,,https://www.a-knowledge.eu/
http://logicalsolutions-av.co.uk/,,https://www.a-knowledge.eu/
http://www.codejar.co.uk/,,https://www.a-knowledge.eu/
http://aptyx.co.uk/,,https://www.a-knowledge.eu/
http://www.autonomycontrols.com/,,https://www.a-knowledge.eu/
http://logicalsolutions-av.co.uk/,,https://www.a-knowledge.eu/
http://www.codejar.co.uk/,,https://www.a-knowledge.eu/
http://aptyx.co.uk/,,https://www.a-knowledge.eu/
http://www.autonomycontrols.com/,,https://www.a-knowledge.eu/
https://www.oxberry.net/,,https://www.a-knowledge.eu/
http://www.integratedexperience.com/,,https://www.a-knowledge.eu/
http://www.freelanceav.com/,,https://www.alfuttaim.com/
https://www.cleverrooms.co.uk/CODE,,https://www.alfuttaim.com/
https://www.oxberry.net/,yourname@domain.com,https://www.alpha.ae/
http://www.integratedexperience.com/,yourname@domain.com,https://www.alpha.ae/
http://www.freelanceav.com/,yourname@domain.com,https://www.alpha.ae/
https://www.cleverrooms.co.uk/CODE,,https://www.asmi-france.com/
http://amtx.co.uk/,,https://www.asmi-france.com/
https://www.ux-digital.co.uk/,,https://www.atea.no/
http://www.oakvilleav.com/,info@audiovision.lu,https://www.audiovision.lu/
http://amtx.co.uk/,info@jnv.nl,https://www.audiovisuelesmaakmakers.nl/
https://www.ux-digital.co.uk/,info@automatedhabitat.com,https://www.automatedhabitat.com/
http://www.oakvilleav.com/,firmapost@avdesign.no,https://www.avdesign.no/
https://oregonav.co.uk/,firmapost@avdesign.no,https://www.avdesign.no/
http://technidream.fr/,,https://www.avex-int.com/nl/nl/
http://www.xtremecontrols.co.uk/,info@avientek.com,https://www.avientek.com/
https://elixir-controls.com/,info@avoira.com,https://www.avoira.com/
https://oregonav.co.uk/,enquiries@avspire.co.,https://www.avspire.co.uk/
http://technidream.fr/,enquiries@avspire.co.,https://www.avspire.co.uk/
http://www.xtremecontrols.co.uk/,enquiries@avspire.co.,https://www.avspire.co.uk/
https://elixir-controls.com/,enquiries@avspire.co.,https://www.avspire.co.uk/
http://www.avspire.com/,enquiries@avspire.co.,https://www.avspire.co.uk/
https://ajwegman.wixsite.com/AJ-SOUND-CONTROLS,enquiries@avspire.co.,https://www.avspire.co.uk/
http://technoholix.com/,enquiries@avspire.co.,https://www.avspire.co.uk/
http://controllayer.co.uk/,enquiries@avspire.co.,https://www.avspire.co.uk/
http://www.avspire.com/,enquiries@avspire.co.,https://www.avspire.co.uk/
https://ajwegman.wixsite.com/AJ-SOUND-CONTROLS,enquiries@avspire.co.,https://www.avspire.co.uk/
http://technoholix.com/,enquiries@avspire.co.,https://www.avspire.co.uk/
http://controllayer.co.uk/,enquiries@avspire.co.,https://www.avspire.co.uk/
http://www.pem-media.com/,enquiries@avspire.co.,https://www.avspire.co.uk/
http://www.lucidprogramming.co.uk/,enquiries@avspire.co.,https://www.avspire.co.uk/
http://connectprogramming.co.uk/,enquiries@avspire.co.,https://www.avspire.co.uk/
http://www.pem-media.com/,enquiries@avspire.co.,https://www.avspire.co.uk/
http://www.lucidprogramming.co.uk/,info@avtech.com,https://www.avtech.com.qa/CONTACT/
http://connectprogramming.co.uk/,info@avtech.com,https://www.avtech.com.qa/CONTACT/
http://www.asciiworks.com/,,https://www.axians.fr/en/
https://www.studiointegra.es/,info@casa-grande.be,https://www.casa-grande.be/
http://nordiccontrolsystems.com/,info@casa-grande.be,https://www.casa-grande.be/
http://www.ovio.pro/,,https://www.casentis.be/
http://incodes.dk/,,https://www.casentis.be/
http://www.asciiworks.com/,,https://www.casentis.be/
https://www.studiointegra.es/,,https://www.caverion.com/
http://nordiccontrolsystems.com/,"contactus@ceeco.in,info@ceeco.in",https://www.ceeco.in/
http://www.ovio.pro/,,https://www.cfb.com.sa/
http://incodes.dk/,"form.submission@cinos.co.,sales@cinos.net,martin.underwood@cinos.co.,karl.deady@cinos.co.,steve.franklin@cinos.co.,orman@cinos.co.,lewis.ward@cinos.co.,racken@cinos-pte.com,chris.lodey@cinos-pte.com",https://www.cinos.net/
http://www.lightingcontrol.co.uk/,"form.submission@cinos.co.,sales@cinos.net,martin.underwood@cinos.co.,karl.deady@cinos.co.,steve.franklin@cinos.co.,orman@cinos.co.,lewis.ward@cinos.co.,racken@cinos-pte.com,chris.lodey@cinos-pte.com",https://www.cinos.net/
http://www.lightingcontrol.co.uk/,info@cn-consult.eu,https://www.cn-consult.eu/
http://www.coussies.be/,info@cn-consult.eu,https://www.cn-consult.eu/
http://www.cq-lin.com/,info@cn-consult.eu,https://www.cn-consult.eu/
http://iron-cog.co.uk/,info@cn-consult.eu,https://www.cn-consult.eu/
http://www.a-knowledge.eu/,info@cn-consult.eu,https://www.cn-consult.eu/
http://iron-cog.co.uk/,info@cn-consult.eu,https://www.cn-consult.eu/
http://www.a-knowledge.eu/,info@cn-consult.eu,https://www.cn-consult.eu/
http://www.freelanceav.com/,info@cn-consult.eu,https://www.cn-consult.eu/
http://www.codekings.nl/,info@cn-consult.eu,https://www.cn-consult.eu/
http://www.autonomycontrols.com/,info@cn-consult.eu,https://www.cn-consult.eu/
https://www.oxberry.net/,info@cn-consult.eu,https://www.cn-consult.eu/
http://www.freelanceav.com/,info@cn-consult.eu,https://www.cn-consult.eu/
http://www.codekings.nl/,info@cn-consult.eu,https://www.cn-consult.eu/
http://www.autonomycontrols.com/,info@cn-consult.eu,https://www.cn-consult.eu/
https://www.oxberry.net/,info@cn-consult.eu,https://www.cn-consult.eu/
https://www.cleverrooms.co.uk/CODE,info@cn-consult.eu,https://www.cn-consult.eu/
http://logicalsolutions-av.co.uk/,info@cn-consult.eu,https://www.cn-consult.eu/
http://www.rebarsys.com/,info@cn-consult.eu,https://www.cn-consult.eu/
http://aptyx.co.uk/,info@cn-consult.eu,https://www.cn-consult.eu/
https://www.cleverrooms.co.uk/CODE,,https://www.codejar.co.uk/
http://logicalsolutions-av.co.uk/,,https://www.codejar.co.uk/
http://www.rebarsys.com/,,https://www.codejar.co.uk/
http://aptyx.co.uk/,,https://www.codejar.co.uk/
http://amtx.co.uk/,,https://www.codejar.co.uk/
http://www.customcodecrafters.com/,,https://www.codejar.co.uk/
http://www.codejar.co.uk/,,https://www.codejar.co.uk/
http://www.integratedexperience.com/,,https://www.codejar.co.uk/
http://amtx.co.uk/,,https://www.codejar.co.uk/
http://www.customcodecrafters.com/,,https://www.codejar.co.uk/
http://www.codejar.co.uk/,,https://www.codejar.co.uk/
http://www.integratedexperience.com/,,https://www.codejar.co.uk/
http://gdprogramming.com/,,https://www.codejar.co.uk/
http://www.oakvilleav.com/,,https://www.codejar.co.uk/
https://elixir-controls.com/,,https://www.connectprogramming.co.uk/
http://www.xtremecontrols.co.uk/,,https://www.connectprogramming.co.uk/
http://gdprogramming.com/,,https://www.connectprogramming.co.uk/
http://www.oakvilleav.com/,,https://www.connectprogramming.co.uk/
https://elixir-controls.com/,,https://www.connectprogramming.co.uk/
http://www.xtremecontrols.co.uk/,,https://www.connectprogramming.co.uk/
http://www.edukker.nl/,,https://www.connectprogramming.co.uk/
https://ajwegman.wixsite.com/AJ-SOUND-CONTROLS,,https://www.connectprogramming.co.uk/
https://oregonav.co.uk/,,https://www.connectprogramming.co.uk/
http://www.edukker.nl/,,https://www.connectprogramming.co.uk/
https://ajwegman.wixsite.com/AJ-SOUND-CONTROLS,,https://www.connectprogramming.co.uk/
https://oregonav.co.uk/,,https://www.connectprogramming.co.uk/
http://www.philipmarksav.co.uk/,,https://www.connectprogramming.co.uk/
http://www.avspire.com/,,https://www.connectprogramming.co.uk/
http://technidream.fr/,"info@coussies.be,nr@original"",p=Object.pro",https://www.coussies.be/nl
https://www.thiemann.nl/,"info@coussies.be,nr@original"",p=Object.pro",https://www.coussies.be/nl
http://www.philipmarksav.co.uk/,"info@coussies.be,nr@original"",p=Object.pro",https://www.coussies.be/nl
http://www.avspire.com/,"info@coussies.be,nr@original"",p=Object.pro",https://www.coussies.be/nl
http://technidream.fr/,"info@coussies.be,nr@original"",p=Object.pro",https://www.coussies.be/nl
https://www.thiemann.nl/,"info@coussies.be,nr@original"",p=Object.pro",https://www.coussies.be/nl
http://www.apple-3.nl/,"info@coussies.be,nr@original"",p=Object.pro",https://www.coussies.be/nl
http://www.ovio.pro/,"info@coussies.be,nr@original"",p=Object.pro",https://www.coussies.be/nl
https://www.cn-consult.eu/,"info@coussies.be,nr@original"",p=Object.pro",https://www.coussies.be/nl
http://www.apple-3.nl/,"info@coussies.be,nr@original"",p=Object.pro",https://www.coussies.be/nl
http://www.ovio.pro/,"info@coussies.be,nr@original"",p=Object.pro",https://www.coussies.be/nl
https://www.cn-consult.eu/,"info@coussies.be,nr@original"",p=Object.pro",https://www.coussies.be/nl
http://controllayer.co.uk/,"info@coussies.be,nr@original"",p=Object.pro",https://www.coussies.be/nl
http://technoholix.com/,"info@coussies.be,nr@original"",p=Object.pro",https://www.coussies.be/nl
http://www.lucidprogramming.co.uk/,"info@coussies.be,nr@original"",p=Object.pro",https://www.coussies.be/nl
http://www.pem-media.com/,"info@coussies.be,nr@original"",p=Object.pro",https://www.coussies.be/nl
http://controllayer.co.uk/,"info@coussies.be,nr@original"",p=Object.pro",https://www.coussies.be/nl
http://technoholix.com/,"info@coussies.be,nr@original"",p=Object.pro",https://www.coussies.be/nl
http://www.lucidprogramming.co.uk/,"info@coussies.be,nr@original"",p=Object.pro",https://www.coussies.be/nl
http://www.pem-media.com/,"info@coussies.be,nr@original"",p=Object.pro",https://www.coussies.be/nl
http://domotic.fr/,info@darwishholding.com,https://www.darwishholding.com/en/
http://www.nextlevelcontrol.com/,info@darwishholding.com,https://www.darwishholding.com/en/
http://connectprogramming.co.uk/,,https://www.dekom.com/
https://www.studiointegra.es/,,https://www.dekom.com/
http://www.asciiworks.com/,,https://www.dekom.com/
http://domotic.fr/,,https://www.dekom.com/
http://www.nextlevelcontrol.com/,,https://www.dekom.com/
http://connectprogramming.co.uk/,,https://www.dekom.com/
https://www.studiointegra.es/,info@deoperadomotica.nl,https://www.deoperadomotica.nl/
http://www.asciiworks.com/,info@de-tech.eu,https://www.de-tech.eu/
http://www.domowork.com/,info@de-tech.eu,https://www.de-tech.eu/
http://www.domowork.com/,"jg@domotura.com,info@domotura.com",https://www.domotura.com/
http://leadingit.me/,"jg@domotura.com,info@domotura.com",https://www.domotura.com/
http://controllayer.co.uk/,"jg@domotura.com,info@domotura.com",https://www.domotura.com/
http://www.lucidprogramming.co.uk/,"jg@domotura.com,info@domotura.com",https://www.domotura.com/
http://technoholix.com/,"jg@domotura.com,info@domotura.com",https://www.domotura.com/
https://www.studiointegra.es/,"jg@domotura.com,info@domotura.com",https://www.domotura.com/
http://www.asciiworks.com/,info@domoworks.it,https://www.domoworks.it/
http://connectprogramming.co.uk/,,https://www.duboiscontrol.be/
https://oregonav.co.uk/,info@durante.it,https://www.durante.it/
http://www.asciiworks.com/,,https://www.dviasia.com/
http://connectprogramming.co.uk/,,https://www.dviasia.com/
https://oregonav.co.uk/,,https://www.dviasia.com/
http://www.avspire.com/,,https://www.dzdomotica.nl/
http://www.philipmarksav.co.uk/,,https://www.dzdomotica.nl/
http://www.avspire.com/,,https://www.econocom.com/en
http://www.philipmarksav.co.uk/,,https://www.econocom.com/en
http://www.xtremecontrols.co.uk/,info@edukker.nl,https://www.edukker.nl/
http://www.oakvilleav.com/,info@edukker.nl,https://www.edukker.nl/
http://www.integratedexperience.com/,info@edukker.nl,https://www.edukker.nl/
http://www.xtremecontrols.co.uk/,info@edukker.nl,https://www.edukker.nl/
http://www.oakvilleav.com/,info@edukker.nl,https://www.edukker.nl/
http://www.integratedexperience.com/,info@edukker.nl,https://www.edukker.nl/
http://aptyx.co.uk/,info@edukker.nl,https://www.edukker.nl/
http://www.rebarsys.com/,info@edukker.nl,https://www.edukker.nl/
http://logicalsolutions-av.co.uk/,info@edukker.nl,https://www.edukker.nl/
http://aptyx.co.uk/,info@edukker.nl,https://www.edukker.nl/
http://www.rebarsys.com/,info@edukker.nl,https://www.edukker.nl/
http://logicalsolutions-av.co.uk/,info@edukker.nl,https://www.edukker.nl/
http://amtx.co.uk/,info@edukker.nl,https://www.edukker.nl/
https://www.cleverrooms.co.uk/CODE,info@edukker.nl,https://www.edukker.nl/
https://www.oxberry.net/,info@edukker.nl,https://www.edukker.nl/
http://amtx.co.uk/,info@edukker.nl,https://www.edukker.nl/
https://www.cleverrooms.co.uk/CODE,info@edukker.nl,https://www.edukker.nl/
https://www.oxberry.net/,info@edukker.nl,https://www.edukker.nl/
http://www.autonomycontrols.com/,info@edukker.nl,https://www.edukker.nl/
http://www.lightingcontrol.co.uk/,info@edukker.nl,https://www.edukker.nl/
http://www.freelanceav.com/,info@edukker.nl,https://www.edukker.nl/
https://elixir-controls.com/,,https://www.en.ceed.swiss/
http://www.autonomycontrols.com/,,https://www.en.ceed.swiss/
http://www.lightingcontrol.co.uk/,,https://www.engie-fabricom.com/nieuws/engie-fabricom-op-infopol/
http://www.freelanceav.com/,,https://www.engie-fabricom.com/nieuws/engie-fabricom-op-infopol/
https://elixir-controls.com/,,https://www.engie-fabricom.com/nieuws/engie-fabricom-op-infopol/
https://ajwegman.wixsite.com/AJ-SOUND-CONTROLS,,https://www.engie-fabricom.com/nieuws/engie-fabricom-op-infopol/
http://iron-cog.co.uk/,,https://www.enhanceautomation.co.uk/
https://ajwegman.wixsite.com/AJ-SOUND-CONTROLS,info@eosits.com,https://www.eosits.com/
http://iron-cog.co.uk/,esco@esco.com,https://www.esco.com.sg/
http://www.edukker.nl/,esco@esco.com,https://www.esco.com.sg/
http://www.coussies.be/,contact@exaprobe.com,https://www.exaprobe.com/en-direct/
http://www.apple-3.nl/,hello@formwave.ie,https://www.formwave.ie/
https://www.thiemann.nl/,info@frontrow.com,https://www.frontrow.com.sa/
http://www.codekings.nl/,,https://www.g2j.fr/en/home/
http://www.edukker.nl/,info@gdprogramming.com,https://www.gdprogramming.com/
http://www.coussies.be/,info@gdprogramming.com,https://www.gdprogramming.com/
http://www.apple-3.nl/,info@gdprogramming.com,https://www.gdprogramming.com/
https://www.thiemann.nl/,info@gdprogramming.com,https://www.gdprogramming.com/
http://www.codekings.nl/,info@gdprogramming.com,https://www.gdprogramming.com/
http://www.cq-lin.com/,info@gdprogramming.com,https://www.gdprogramming.com/
http://www.a-knowledge.eu/,info@gdprogramming.com,https://www.gdprogramming.com/
http://www.mediaprocess.fr/,info@gdprogramming.com,https://www.gdprogramming.com/
http://www.cq-lin.com/,info@gdprogramming.com,https://www.gdprogramming.com/
http://www.a-knowledge.eu/,info@gdprogramming.com,https://www.gdprogramming.com/
http://www.mediaprocess.fr/,info@gdprogramming.com,https://www.gdprogramming.com/
https://www.cn-consult.eu/,info@gdprogramming.com,https://www.gdprogramming.com/
http://nordiccontrolsystems.com/,info@gdprogramming.com,https://www.gdprogramming.com/
https://www.cn-consult.eu/,info@gdprogramming.com,https://www.gdprogramming.com/
http://nordiccontrolsystems.com/,info@gdprogramming.com,https://www.gdprogramming.com/
http://www.domowork.com/,info@gdprogramming.com,https://www.gdprogramming.com/
https://elettrosistemi.eu/,,https://www.gibon.se/vara-kontor/gibon-hassleholm/
http://www.ovio.pro/,,https://www.gibon.se/vara-kontor/gibon-hassleholm/
http://www.nextlevelcontrol.com/,,https://www.gibon.se/vara-kontor/gibon-hassleholm/
http://technidream.fr/,,https://www.gibon.se/vara-kontor/gibon-hassleholm/
http://domotic.fr/,,https://www.henri.fr/
http://www.pem-media.com/,"info@heuvelman.nl,info@mbbedrijfskundigmarketingadvies.nl",https://www.heuvelman.nl/
https://www.softesolution.com/,"info@heuvelman.nl,info@mbbedrijfskundigmarketingadvies.nl",https://www.heuvelman.nl/
http://www.mediaprocess.fr/,meel@homeemotion.nl,https://www.homeemotion.nl/
http://domotic.fr/,meel@homeemotion.nl,https://www.homeemotion.nl/
http://www.pem-media.com/,nfo@icad.com,https://www.icad.com/
https://www.softesolution.com/,,https://www.iconconnect.com/
http://www.mediaprocess.fr/,,https://www.iear.nl/
https://www.cn-consult.eu/,,https://www.iear.nl/
http://www.a-knowledge.eu/,dubai@ikonhouse.com,https://www.ikonhouse.com/
http://www.cq-lin.com/,info@inkontrol.co.,https://www.inkontrol.co.uk/CONTACT
http://www.coussies.be/,info@inkontrol.co.,https://www.inkontrol.co.uk/CONTACT
https://www.cn-consult.eu/,"hello@integratedexperience.com,website@integratedexperience.com",https://www.integratedexperience.com/
http://www.a-knowledge.eu/,"hello@integratedexperience.com,website@integratedexperience.com",https://www.integratedexperience.com/
http://www.cq-lin.com/,"hello@integratedexperience.com,website@integratedexperience.com",https://www.integratedexperience.com/
http://www.coussies.be/,"hello@integratedexperience.com,website@integratedexperience.com",https://www.integratedexperience.com/
http://www.domotura.com/,"hello@integratedexperience.com,website@integratedexperience.com",https://www.integratedexperience.com/
http://www.codekings.nl/,"hello@integratedexperience.com,website@integratedexperience.com",https://www.integratedexperience.com/
https://www.thiemann.nl/,"hello@integratedexperience.com,website@integratedexperience.com",https://www.integratedexperience.com/
http://www.domotura.com/,"hello@integratedexperience.com,website@integratedexperience.com",https://www.integratedexperience.com/
http://www.codekings.nl/,"hello@integratedexperience.com,website@integratedexperience.com",https://www.integratedexperience.com/
https://www.thiemann.nl/,"hello@integratedexperience.com,website@integratedexperience.com",https://www.integratedexperience.com/
http://www.lightingcontrol.co.uk/,"hello@integratedexperience.com,website@integratedexperience.com",https://www.integratedexperience.com/
http://www.lucidprogramming.co.uk/,"hello@integratedexperience.com,website@integratedexperience.com",https://www.integratedexperience.com/
https://www.studiointegra.es/,"hello@integratedexperience.com,website@integratedexperience.com",https://www.integratedexperience.com/
http://www.asciiworks.com/,"hello@integratedexperience.com,website@integratedexperience.com",https://www.integratedexperience.com/
http://controllayer.co.uk/,"hello@integratedexperience.com,website@integratedexperience.com",https://www.integratedexperience.com/
http://connectprogramming.co.uk/,"hello@integratedexperience.com,website@integratedexperience.com",https://www.integratedexperience.com/
http://technoholix.com/,"hello@integratedexperience.com,website@integratedexperience.com",https://www.integratedexperience.com/
http://controllayer.co.uk/,"hello@integratedexperience.com,website@integratedexperience.com",https://www.integratedexperience.com/
http://connectprogramming.co.uk/,"hello@integratedexperience.com,website@integratedexperience.com",https://www.integratedexperience.com/
http://technoholix.com/,"hello@integratedexperience.com,website@integratedexperience.com",https://www.integratedexperience.com/
http://www.avspire.com/,info@intuitivehomes.co.,https://www.intuitivehomes.co.uk/
https://oregonav.co.uk/,info@intuitivehomes.co.,https://www.intuitivehomes.co.uk/
https://www.ux-digital.co.uk/,,https://www.itelligent-tech.com/
http://www.avspire.com/,,https://www.itelligent-tech.com/
https://oregonav.co.uk/,,https://www.jacot.nl/NL/
https://www.ux-digital.co.uk/,,https://www.jacot.nl/NL/
http://www.xtremecontrols.co.uk/,,https://www.ledvance.com/
https://elixir-controls.com/,,https://www.lumiereksa.net/
http://www.oakvilleav.com/,info@luxavo.ie,https://www.luxavo.ie/
https://ajwegman.wixsite.com/AJ-SOUND-CONTROLS,info@luxavo.ie,https://www.luxavo.ie/
http://www.xtremecontrols.co.uk/,contact@manganelli.com,https://www.manganelli.com/
https://elixir-controls.com/,contact@manganelli.com,https://www.manganelli.com/
http://www.oakvilleav.com/,,https://www.mannaihome.com/
https://ajwegman.wixsite.com/AJ-SOUND-CONTROLS,info@mcamedia.com,https://www.mcamedia.com/
http://www.philipmarksav.co.uk/,"t.oehri@mediasens.li,m.kaufmann@mediasens.li,m.marxer@mediasens.li,buchhaltung@slbmedia.ch,marketing@mediasens.li,s.franz@mediasens.li,d.steiner@mediasens.li,j.frischknecht@mediasens.li,t.scherrer@mediasens.li,e.trefzer@mediasens.li,d.walser@mediasens.li,v.naescher@mediasens.li,m.auer@mediasens.li,i.andrade@mediasens.li,a.buechel@mediasens.li,j.gantenbein@mediasens.li",https://www.mediasens.li/
http://www.integratedexperience.com/,info@niavac.com,https://www.niavac.com/
http://amtx.co.uk/,,https://www.oxberry.net/
http://gdprogramming.com/,,https://www.oxberry.net/
http://www.philipmarksav.co.uk/,,https://www.oxberry.net/
http://www.integratedexperience.com/,,https://www.oxberry.net/
http://amtx.co.uk/,,https://www.oxberry.net/
http://gdprogramming.com/,,https://www.oxberry.net/
https://www.cleverrooms.co.uk/CODE,,https://www.oxberry.net/
http://aptyx.co.uk/,,https://www.oxberry.net/
http://www.rebarsys.com/,,https://www.oxberry.net/
https://www.cleverrooms.co.uk/CODE,,https://www.oxberry.net/
http://aptyx.co.uk/,,https://www.oxberry.net/
http://www.rebarsys.com/,,https://www.oxberry.net/
http://logicalsolutions-av.co.uk/,,https://www.oxberry.net/
https://www.oxberry.net/,,https://www.oxberry.net/
http://www.autonomycontrols.com/,,https://www.oxberry.net/
http://www.freelanceav.com/,,https://www.oxberry.net/
http://logicalsolutions-av.co.uk/,,https://www.oxberry.net/
https://www.oxberry.net/,,https://www.oxberry.net/
http://www.autonomycontrols.com/,,https://www.oxberry.net/
http://www.freelanceav.com/,,https://www.oxberry.net/
http://iron-cog.co.uk/,info@playbiz.be,https://www.playbiz.be/
http://iron-cog.co.uk/,info@playbiz.be,https://www.playbiz.be/
http://www.edukker.nl/,info@principleone.com,https://www.principleone.com/
http://www.apple-3.nl/,info@principleone.com,https://www.principleone.com/
http://www.coussies.be/,proinsermant@proinsermant.com,https://www.proinsermant.com/
https://www.thiemann.nl/,prounited@prounited.com,https://www.prounited.com.hk/
http://www.codekings.nl/,prounited@prounited.com,https://www.prounited.com.hk/
http://www.edukker.nl/,"berlin@provideo.eu,braunschweig@provideo.eu,ervice@provideo.eu",https://www.provideo.eu/HOME/
http://www.apple-3.nl/,info@pureav.co.,https://www.pureav.co.uk/
http://www.coussies.be/,info@platinumvision.ae,https://www.pv.ae/
https://www.thiemann.nl/,,https://www.qsoft-corp.com/
http://www.codekings.nl/,,https://www.ricoh.be/
http://www.cq-lin.com/,,https://www.ricoh.be/
http://www.cq-lin.com/,,https://www.ricoh.be/
http://technidream.fr/,,https://www.ricoh.be/
http://www.ovio.pro/,,https://www.ricoh.ch/
http://www.domowork.com/,,https://www.ricoh.fr/
http://www.pem-media.com/,,https://www.ricoh.fr/
http://www.nextlevelcontrol.com/,,https://www.ricoh.it/
https://www.cn-consult.eu/,,https://www.ricoh.nl/
https://elettrosistemi.eu/,,https://www.ricoh.nl/
http://www.a-knowledge.eu/,,https://www.ricoh.nl/
http://www.mediaprocess.fr/,,https://www.ricoh.nl/
https://www.cn-consult.eu/,,https://www.ricoh-europe.com/
https://elettrosistemi.eu/,,https://www.ricoh-europe.com/
http://www.a-knowledge.eu/,,https://www.ricoh-europe.com/
http://www.mediaprocess.fr/,,https://www.ricoh-europe.com/
http://domotic.fr/,info@roelandschap.nl,https://www.roelandschap.nl/
http://www.cq-lin.com/,info@roelandschap.nl,https://www.roelandschap.nl/
http://www.coussies.be/,info@salamtechnology.com,https://www.salamtechnology.com/
http://www.codekings.nl/,,https://www.scopetechnology.com/
http://domotic.fr/,,https://www.scopetechnology.com/
http://www.cq-lin.com/,info@sensoryinternational.com,https://www.sensoryinternational.com/
http://www.coussies.be/,info@smerktech.com,https://www.smerktech.com/
http://www.codekings.nl/,info@softesolution.com,https://www.softesolution.com/
https://www.thiemann.nl/,info@softesolution.com,https://www.softesolution.com/
http://www.edukker.nl/,info@softesolution.com,https://www.softesolution.com/
http://www.apple-3.nl/,info@softesolution.com,https://www.softesolution.com/
https://www.softesolution.com/,info@softesolution.com,https://www.softesolution.com/
http://iron-cog.co.uk/,info@softesolution.com,https://www.softesolution.com/
https://www.thiemann.nl/,info@softesolution.com,https://www.softesolution.com/
http://www.edukker.nl/,info@softesolution.com,https://www.softesolution.com/
http://www.apple-3.nl/,info@solufak.be,https://www.solufak.be/
https://www.softesolution.com/,info@solufak.be,https://www.solufak.be/
http://iron-cog.co.uk/,info@solufak.be,https://www.solufak.be/
http://www.customcodecrafters.com/,"sales@sonics.ie,info@sonics.ie",https://www.sonics.ie/
http://www.customcodecrafters.com/,"sales@sonics.ie,info@sonics.ie",https://www.sonics.ie/
http://www.autonomycontrols.com/,info@systemvideo.ie,https://www.systemvideo.com/
http://logicalsolutions-av.co.uk/,"info@scmvideo.com,hello@techlit-scm.com",https://www.techlit-scm.com/
http://www.rebarsys.com/,"info@scmvideo.com,hello@techlit-scm.com",https://www.techlit-scm.com/
http://aptyx.co.uk/,,https://www.technicongres.ch/
http://www.autonomycontrols.com/,,https://www.technoq.com/
http://logicalsolutions-av.co.uk/,,https://www.technoq.com/
http://www.rebarsys.com/,"telesystems@pec.it,info@telesystems-pro.it",https://www.telesystems-pro.it/IT/
http://aptyx.co.uk/,"telesystems@pec.it,info@telesystems-pro.it",https://www.telesystems-pro.it/IT/
http://www.codejar.co.uk/,info@teydemarbella.com,https://www.teydemarbella.com/
http://www.freelanceav.com/,,https://www.theneedle.it/
http://www.philipmarksav.co.uk/,,https://www.thiemann.nl/
https://www.oxberry.net/,,https://www.thiemann.nl/
http://gdprogramming.com/,,https://www.thiemann.nl/
http://www.codejar.co.uk/,,https://www.thiemann.nl/
http://www.freelanceav.com/,,https://www.thiemann.nl/
http://www.philipmarksav.co.uk/,,https://www.thiemann.nl/
https://www.oxberry.net/,,https://www.thiemann.nl/
http://gdprogramming.com/,,https://www.thiemann.nl/
https://www.cleverrooms.co.uk/CODE,,https://www.thiemann.nl/
http://www.integratedexperience.com/,,https://www.thiemann.nl/
http://amtx.co.uk/,,https://www.thiemann.nl/
https://www.cleverrooms.co.uk/CODE,,https://www.thiemann.nl/
http://www.integratedexperience.com/,,https://www.thiemann.nl/
http://amtx.co.uk/,,https://www.thiemann.nl/
http://www.oakvilleav.com/,,https://www.thiemann.nl/
http://www.oakvilleav.com/,,https://www.thiemann.nl/
http://leadingit.me/,,https://www.thiemann.nl/
http://www.coussies.be/,,https://www.thiemann.nl/
http://www.cq-lin.com/,,https://www.thiemann.nl/
http://www.a-knowledge.eu/,,https://www.thiemann.nl/
http://www.codekings.nl/,,https://www.thiemann.nl/
http://www.edukker.nl/,info@thomsun.ae,https://www.thomsunmusic.com/
https://www.thiemann.nl/,info@thomsun.ae,https://www.thomsunmusic.com/
http://www.apple-3.nl/,info@twistedpair.co.,https://www.twistedpair.co.uk/
http://www.customcodecrafters.com/,info@twistedpair.co.,https://www.twistedpair.co.uk/
http://iron-cog.co.uk/,,https://www.universal-av.ltd/
http://www.edukker.nl/,,https://www.universal-av.ltd/
https://www.thiemann.nl/,,https://www.ux-digital.co.uk/
http://www.apple-3.nl/,,https://www.ux-digital.co.uk/
http://www.customcodecrafters.com/,,https://www.ux-digital.co.uk/
http://iron-cog.co.uk/,,https://www.ux-digital.co.uk/
http://www.mediaprocess.fr/,,https://www.ux-digital.co.uk/
https://www.cn-consult.eu/,,https://www.ux-digital.co.uk/
http://www.rebarsys.com/,,https://www.ux-digital.co.uk/
http://gdprogramming.com/,,https://www.ux-digital.co.uk/
http://logicalsolutions-av.co.uk/,,https://www.ux-digital.co.uk/
http://www.mediaprocess.fr/,,https://www.ux-digital.co.uk/
https://www.cn-consult.eu/,,https://www.ux-digital.co.uk/
http://www.rebarsys.com/,,https://www.ux-digital.co.uk/
http://gdprogramming.com/,info@vandenhoogen.nl,https://www.vandenhoogen.nl/
http://logicalsolutions-av.co.uk/,info@vandenhoogen.nl,https://www.vandenhoogen.nl/
http://aptyx.co.uk/,info@vbhi.com,https://www.vbhi.com/
http://www.autonomycontrols.com/,,https://www.videlio.com/2019/01/29/videlio-iec-gennevilliers-est-certifie-iso-9001/
http://aptyx.co.uk/,,https://www.videoline.fr/
http://www.autonomycontrols.com/,,https://www.videoline.fr/
https://www.oxberry.net/,"helpdesk.yacht@videoworksgroup.com,videoworks@pec.it,helpdesk.business@videoworksgroup.com,info@videoworksgroup.com",https://www.videoworksgroup.com/en/default.html
http://www.integratedexperience.com/,info@viewpoint-av.com,https://www.viewpoint-av.com/
http://www.freelanceav.com/,info@viewpoint-av.com,https://www.viewpoint-av.com/
https://www.cleverrooms.co.uk/CODE,info@visutec.eu,https://www.visutec.eu/
https://www.oxberry.net/,"example@domain.com,hello@wipple.fr",https://www.wipple.fr/
http://www.integratedexperience.com/,"example@domain.com,hello@wipple.fr",https://www.wipple.fr/
http://www.freelanceav.com/,business@wireworksindia.com,https://www.wireworksindia.com/
https://www.cleverrooms.co.uk/CODE,info@xocompany.org,https://www.xolightsdubai.com/
http://amtx.co.uk/,info@xocompany.org,https://www.xolightsdubai.com/
https://www.ux-digital.co.uk/,learnmore@yorktel.com,https://www.yorktel.com/
http://www.oakvilleav.com/,,
http://amtx.co.uk/,,
https://www.ux-digital.co.uk/,,
http://www.oakvilleav.com/,,
http://www.xtremecontrols.co.uk/,,
https://elixir-controls.com/,,
http://www.avspire.com/,,
http://www.xtremecontrols.co.uk/,,
https://elixir-controls.com/,,
http://www.avspire.com/,,
http://technidream.fr/,,
https://ajwegman.wixsite.com/AJ-SOUND-CONTROLS,,
http://controllayer.co.uk/,,
http://technoholix.com/,,
http://technidream.fr/,,
https://ajwegman.wixsite.com/AJ-SOUND-CONTROLS,,
http://controllayer.co.uk/,,
http://technoholix.com/,,
http://www.pem-media.com/,,
http://connectprogramming.co.uk/,,
http://www.pem-media.com/,,
http://connectprogramming.co.uk/,,
http://www.asciiworks.com/,,
https://www.studiointegra.es/,,
http://www.ovio.pro/,,
http://nordiccontrolsystems.com/,,
http://www.lightingcontrol.co.uk/,,
http://www.asciiworks.com/,,
https://www.studiointegra.es/,,
http://www.ovio.pro/,,
http://nordiccontrolsystems.com/,,
http://www.lightingcontrol.co.uk/,,
http://incodes.dk/,,
http://incodes.dk/,,
http://ideaworks.mc/,,
https://www.iconconnect.com/,,
https://fusion.one/,,
https://monacodomotique.mc/,,
http://www.avriviera.com/,,
http://www.vernassa.fr/,,
http://www.switchon-group.com/,,
http://www.avriviera.com/,,
http://www.vernassa.fr/,,
http://www.switchon-group.com/,,
http://www.mssfrance.com/,,
https://www.domo-lighting.com/,,
http://www.mssfrance.com/,,
https://www.domo-lighting.com/,,
https://www.formwave.ie/,,
https://www.luxavo.ie/,,
https://aesthetixsystems.com/,,
https://almazrouicas.com/,,
https://www.en.ceed.swiss/,,
https://strombergsandell.no/,,
https://www.ikonhouse.com/,,
https://grmediasolutions.com/,,
https://harmanhouse.com/,,
https://www.pv.ae/,,
https://www.smerktech.com/,,
http://www.xolightsdubai.com/,,
http://www.xolightsdubai.com/,,
https://www.teydemarbella.com/,,
https://e-illusion.es/,,
https://www.proinsermant.com/,,
http://www.ledvance.com/,,
https://www.vbhi.com/,,
http://www.videoworksgroup.com/,,
https://one-nl.com/CONTACT,,
http://www.sightandsound.nl/,,
https://ava.media/,,
https://www.vandenhoogen.nl/,,
https://technohome.nl/,,
https://www.dzdomotica.nl/,,
http://www.comfortandcontrol.nl/,,
https://moresenz.nl/,,
https://www.vandenhoogen.nl/,,
https://technohome.nl/,,
https://www.dzdomotica.nl/,,
http://www.comfortandcontrol.nl/,,
https://moresenz.nl/,,
https://www.homeemotion.nl/,,
https://www.roelandschap.nl/,,
https://av-domotica.nl/,,
https://www.homeemotion.nl/,,
https://www.roelandschap.nl/,,
https://av-domotica.nl/,,
http://www.yachtaudio.com/,,
https://one-nl.com/CONTACT,,
https://domotica.be/,,
http://www.vanhavere.be/,,
https://www.casa-grande.be/,,
https://www.deoperadomotica.nl/,,
https://www.casentis.be/,,
https://technohome.nl/,,
http://domation.be/,,
https://www.casentis.be/,,
https://technohome.nl/,,
http://domation.be/,,
https://elektro-lefevre.be/,,
https://www.iear.nl/,,
http://www.domoticsystems.be/,,
https://etbsmits.nl/,,
https://av-domotica.nl/,,
https://elektro-lefevre.be/,,
https://www.iear.nl/,,
http://www.domoticsystems.be/,,
https://etbsmits.nl/,,
https://av-domotica.nl/,,
https://www.henri.fr/,,
https://av-io.fr/,,
http://otomis.fr/,,
https://www.asmi-france.com/,,
http://otomis.fr/,,
https://www.asmi-france.com/,,
https://www.frontrow.com.sa/,,
https://taqadom.com/,,
https://www.cfb.com.sa/,,
http://www.sightandsoundindia.com/,,
https://comcrafts.net/,,
https://www.lumiereksa.net/,,
http://www.nicheaudiovisual.co.uk/,,
http://www.sensoryinternational.com/,,
https://www.finitesolutions.co.uk/,,
https://www.automatedhabitat.com/,,
https://www.enhanceautomation.co.uk/,,
https://www.intuitivehomes.co.uk/,,
https://www.inkontrol.co.uk/CONTACT,,
https://www.intuitivehomes.co.uk/,,
https://www.inkontrol.co.uk/CONTACT,,
https://www.theneedle.it/,,
http://www.domosystems.it/,,
https://www.domoworks.it/,,
https://odgroup.it/,,
http://www.simontech.it/,,
https://www.de-tech.eu/,,
https://www.de-tech.eu/,,
https://oktotechnologies.co.uk/,,
https://www.luxavo.ie/,,
https://www.en.ceed.swiss/,,
https://almazrouicas.com/,,
http://www.dsgroup.net/,,
https://www.casa-grande.be/,,
https://www.casentis.be/,,
https://www.duboiscontrol.be/,,
http://www.vanhavere.be/,,
https://domotica.be/,,
http://domation.be/,,
http://domation.be/,,
